{
  "title": "Google Business Profile",
  "slug": "google-business-profile",
  "description": "Insights on google business profile generated by our automation pipeline.",
  "tags": [
    "automation",
    "raspberry pi",
    "ai"
  ],
  "category": "AI Tools",
  "validation": {
    "valid": false,
    "issues": [
      "Word count too low: 166 < 800"
    ],
    "warnings": [
      "FAQ section recommended but not found"
    ],
    "metrics": {
      "word_count": 166,
      "has_faq": false,
      "has_cta": true,
      "avg_sentence_length": 15.909090909090908,
      "issues": []
    },
    "fact_check": {
      "issues": [
        {
          "line": 24,
          "claim": "...",
          "suggested": "",
          "severity": "info",
          "category": "fact_check"
        },
        {
          "line": 25,
          "claim": "...",
          "suggested": "",
          "severity": "info",
          "category": "fact_check"
        },
        {
          "line": 27,
          "claim": "...",
          "suggested": "",
          "severity": "info",
          "category": "fact_check"
        },
        {
          "line": 31,
          "claim": "...",
          "suggested": "",
          "severity": "info",
          "category": "fact_check"
        }
      ],
      "metrics": {
        "total_issues": 4,
        "severity_counts": {
          "info": 4,
          "warning": 0,
          "error": 0
        },
        "processing_time_seconds": 16.09,
        "content_lines_checked": 10,
        "checked_at": "2025-08-10T01:09:48Z"
      },
      "summary": {
        "has_errors": false,
        "has_warnings": false,
        "needs_attention": true,
        "highest_severity": "info"
      }
    }
  },
  "generated_at": "2025-08-10T01:09:48Z"
}