{
  "source": "fixtures",
  "topic_slug": "test-slug",
  "downloaded_at": "2025-08-09T22:18:01Z",
  "asset_count": 18,
  "mode": "reuse",
  "items": [
    {
      "filename": "synthetic_test-slug_006.jpg",
      "source": "synthetic",
      "license": "test_usage",
      "attribution_required": false
    },
    {
      "filename": "synthetic_test-slug_012.jpg",
      "source": "synthetic",
      "license": "test_usage",
      "attribution_required": false
    },
    {
      "filename": "synthetic_test-slug_013.jpg",
      "source": "synthetic",
      "license": "test_usage",
      "attribution_required": false
    },
    {
      "filename": "synthetic_test-slug_007.jpg",
      "source": "synthetic",
      "license": "test_usage",
      "attribution_required": false
    },
    {
      "filename": "synthetic_test-slug_011.jpg",
      "source": "synthetic",
      "license": "test_usage",
      "attribution_required": false
    },
    {
      "filename": "synthetic_test-slug_005.jpg",
      "source": "synthetic",
      "license": "test_usage",
      "attribution_required": false
    },
    {
      "filename": "synthetic_test-slug_004.jpg",
      "source": "synthetic",
      "license": "test_usage",
      "attribution_required": false
    },
    {
      "filename": "synthetic_test-slug_010.jpg",
      "source": "synthetic",
      "license": "test_usage",
      "attribution_required": false
    },
    {
      "filename": "synthetic_test-slug_001.jpg",
      "source": "synthetic",
      "license": "test_usage",
      "attribution_required": false
    },
    {
      "filename": "synthetic_test-slug_003.jpg",
      "source": "synthetic",
      "license": "test_usage",
      "attribution_required": false
    },
    {
      "filename": "synthetic_test-slug_002.jpg",
      "source": "synthetic",
      "license": "test_usage",
      "attribution_required": false
    },
    {
      "filename": "synthetic_003_1920x1080.jpg",
      "source": "synthetic",
      "license": "test_usage",
      "attribution_required": false
    },
    {
      "filename": "synthetic_004_1920x1080.jpg",
      "source": "synthetic",
      "license": "test_usage",
      "attribution_required": false
    },
    {
      "filename": "synthetic_001_1920x1080.jpg",
      "source": "synthetic",
      "license": "test_usage",
      "attribution_required": false
    },
    {
      "filename": "synthetic_005_1920x1080.jpg",
      "source": "synthetic",
      "license": "test_usage",
      "attribution_required": false
    },
    {
      "filename": "synthetic_002_1920x1080.jpg",
      "source": "synthetic",
      "license": "test_usage",
      "attribution_required": false
    },
    {
      "filename": "synthetic_test-slug_009.jpg",
      "source": "synthetic",
      "license": "test_usage",
      "attribution_required": false
    },
    {
      "filename": "synthetic_test-slug_008.jpg",
      "source": "synthetic",
      "license": "test_usage",
      "attribution_required": false
    }
  ]
}